pair_idx,game_idx,seed,bot_a,bot_b,winner,halite_a,halite_b,turns,seconds,error
0,0,1,V71,rl_v1,V71,9610,149,400,5.8,
0,1,2,V71,rl_v1,V71,10749,605,400,5.8,
0,2,3,V71,rl_v1,V71,1650,0,400,5.1,
0,3,4,V71,rl_v1,V71,4909,411,400,5.8,
0,4,5,V71,rl_v1,V71,7798,939,400,5.6,
0,5,6,V71,rl_v1,V71,21475,0,400,5.2,
0,6,7,V71,rl_v1,V71,771,0,400,4.9,
0,7,8,V71,rl_v1,V71,18191,355,400,5.7,
0,8,9,V71,rl_v1,V71,1886,0,400,5.2,
0,9,10,V71,rl_v1,V71,17906,273,400,5.9,
1,0,1,V71,rl_v2,V71,22276,133,400,6.2,
1,1,2,V71,rl_v2,V71,39585,102,400,6.5,
1,2,3,V71,rl_v2,V71,33393,505,400,6.3,
1,3,4,V71,rl_v2,V71,33458,769,400,6.3,
1,4,5,V71,rl_v2,V71,26842,0,400,5.9,
1,5,6,V71,rl_v2,V71,39747,23,400,6.5,
1,6,7,V71,rl_v2,V71,23995,377,400,6.3,
1,7,8,V71,rl_v2,V71,43746,869,400,6.4,
1,8,9,V71,rl_v2,V71,24196,0,400,5.8,
1,9,10,V71,rl_v2,V71,39172,185,400,6.6,
2,0,1,V71,rl_v3,V71,21314,1280,400,6.9,
2,1,2,V71,rl_v3,V71,34058,1851,400,8.3,
2,2,3,V71,rl_v3,rl_v3,901,1416,400,8.2,
2,3,4,V71,rl_v3,V71,39211,1432,400,8.3,
2,4,5,V71,rl_v3,V71,12137,1664,400,9.7,
2,5,6,V71,rl_v3,V71,44057,1629,400,9.3,
2,6,7,V71,rl_v3,V71,30345,1934,400,7.7,
2,7,8,V71,rl_v3,V71,36310,1701,400,11.2,
2,8,9,V71,rl_v3,V71,19001,1155,400,9.6,
2,9,10,V71,rl_v3,V71,29840,1861,400,8.2,
3,0,1,V71,rl_v4,V71,19819,3308,400,7.3,
3,1,2,V71,rl_v4,V71,28413,3889,400,15.8,
3,2,3,V71,rl_v4,V71,13100,95,400,15.4,
3,3,4,V71,rl_v4,V71,34905,828,400,11.4,
3,4,5,V71,rl_v4,V71,12446,2183,400,14.4,
3,5,6,V71,rl_v4,V71,16539,3586,400,21.7,
3,6,7,V71,rl_v4,V71,32245,1805,400,16.1,
3,7,8,V71,rl_v4,V71,32468,3178,400,15.1,
3,8,9,V71,rl_v4,V71,23827,387,400,15.5,
3,9,10,V71,rl_v4,V71,12271,1259,400,20.7,
4,0,1,V71,rl_v5,V71,27182,5937,400,39.8,
4,1,2,V71,rl_v5,V71,12123,5845,400,29.6,
4,2,3,V71,rl_v5,V71,30813,16987,400,38.4,
4,3,4,V71,rl_v5,V71,38672,3270,400,39.5,
4,4,5,V71,rl_v5,V71,35132,19435,400,42.6,
4,5,6,V71,rl_v5,V71,42788,14799,400,43.5,
4,6,7,V71,rl_v5,V71,18171,2032,400,35.9,
4,7,8,V71,rl_v5,V71,25664,8827,400,39.5,
4,8,9,V71,rl_v5,V71,19700,10099,400,40.3,
4,9,10,V71,rl_v5,V71,33460,8102,400,43.2,
5,0,1,V71,rl_v7,V71,24942,3417,400,8.8,
5,1,2,V71,rl_v7,V71,27314,760,400,7.9,
5,2,3,V71,rl_v7,V71,34870,7521,400,8.8,
5,3,4,V71,rl_v7,V71,38883,5633,400,8.2,
5,4,5,V71,rl_v7,V71,17411,7468,400,7.9,
5,5,6,V71,rl_v7,V71,21503,5318,400,8.8,
5,6,7,V71,rl_v7,V71,25922,638,400,7.0,
5,7,8,V71,rl_v7,V71,29760,2024,400,7.0,
5,8,9,V71,rl_v7,V71,3477,766,400,6.9,
5,9,10,V71,rl_v7,V71,25242,3497,400,7.6,
6,0,1,V71,rl_v8,V71,25341,12622,400,8.4,
6,1,2,V71,rl_v8,V71,17612,6687,400,7.4,
6,2,3,V71,rl_v8,rl_v8,12349,13275,400,9.0,
6,3,4,V71,rl_v8,V71,42561,10658,400,10.2,
6,4,5,V71,rl_v8,V71,22349,9562,400,6.4,
6,5,6,V71,rl_v8,V71,34735,14016,400,8.9,
6,6,7,V71,rl_v8,V71,32192,9311,400,8.4,
6,7,8,V71,rl_v8,V71,38179,8442,400,7.3,
6,8,9,V71,rl_v8,V71,9757,8073,400,6.1,
6,9,10,V71,rl_v8,V71,28860,10946,400,7.4,
7,0,1,V71,rl_v9,rl_v9,3021,6088,400,12.4,
7,1,2,V71,rl_v9,rl_v9,4081,9281,400,16.1,
7,2,3,V71,rl_v9,V71,24151,12918,400,13.5,
7,3,4,V71,rl_v9,rl_v9,9874,11144,400,13.3,
7,4,5,V71,rl_v9,rl_v9,6329,12874,400,9.1,
7,5,6,V71,rl_v9,rl_v9,6407,43251,400,9.6,
7,6,7,V71,rl_v9,rl_v9,4754,12704,400,13.2,
7,7,8,V71,rl_v9,rl_v9,11645,44286,400,11.1,
7,8,9,V71,rl_v9,V71,13649,12501,400,11.5,
7,9,10,V71,rl_v9,rl_v9,4137,13443,400,13.9,
8,0,1,rl_v1,rl_v2,rl_v2,216,395,400,7.9,
8,1,2,rl_v1,rl_v2,rl_v2,0,102,400,6.9,
8,2,3,rl_v1,rl_v2,rl_v2,0,588,400,7.3,
8,3,4,rl_v1,rl_v2,rl_v2,0,831,400,6.8,
8,4,5,rl_v1,rl_v2,TIE,0,0,400,6.8,
8,5,6,rl_v1,rl_v2,rl_v2,11,23,400,6.1,
8,6,7,rl_v1,rl_v2,rl_v2,0,377,400,6.0,
8,7,8,rl_v1,rl_v2,rl_v2,103,627,400,6.2,
8,8,9,rl_v1,rl_v2,TIE,0,0,400,6.1,
8,9,10,rl_v1,rl_v2,rl_v2,0,185,400,6.1,
9,0,1,rl_v1,rl_v3,rl_v3,348,2092,400,7.9,
9,1,2,rl_v1,rl_v3,rl_v3,413,1505,400,8.8,
9,2,3,rl_v1,rl_v3,rl_v3,0,1799,400,9.2,
9,3,4,rl_v1,rl_v3,rl_v3,442,1000,400,8.3,
9,4,5,rl_v1,rl_v3,rl_v3,0,1555,400,13.2,
9,5,6,rl_v1,rl_v3,rl_v3,0,1433,400,9.2,
9,6,7,rl_v1,rl_v3,rl_v3,417,2593,400,9.5,
9,7,8,rl_v1,rl_v3,rl_v3,0,1029,400,8.8,
9,8,9,rl_v1,rl_v3,rl_v3,0,1000,400,8.1,
9,9,10,rl_v1,rl_v3,rl_v3,0,1045,400,9.7,
10,0,1,rl_v1,rl_v4,rl_v4,395,3777,400,12.7,
10,1,2,rl_v1,rl_v4,rl_v4,0,3854,400,17.5,
10,2,3,rl_v1,rl_v4,rl_v4,0,97,400,17.2,
10,3,4,rl_v1,rl_v4,rl_v4,607,3136,400,17.2,
10,4,5,rl_v1,rl_v4,rl_v4,440,2290,400,17.0,
10,5,6,rl_v1,rl_v4,rl_v4,0,4402,400,10.1,
10,6,7,rl_v1,rl_v4,rl_v4,891,6042,400,20.3,
10,7,8,rl_v1,rl_v4,rl_v4,264,5437,400,17.6,
10,8,9,rl_v1,rl_v4,rl_v4,389,3180,400,18.4,
10,9,10,rl_v1,rl_v4,rl_v4,21,156,400,13.0,
11,0,1,rl_v1,rl_v5,rl_v5,360,1210,400,38.9,
11,1,2,rl_v1,rl_v5,rl_v5,0,2402,400,34.9,
11,2,3,rl_v1,rl_v5,TIE,0,0,400,21.0,
11,3,4,rl_v1,rl_v5,rl_v5,0,18594,400,36.1,
11,4,5,rl_v1,rl_v5,rl_v5,0,13294,400,39.0,
11,5,6,rl_v1,rl_v5,rl_v5,962,19819,400,40.1,
11,6,7,rl_v1,rl_v5,rl_v5,0,978,400,25.7,
11,7,8,rl_v1,rl_v5,rl_v5,503,24414,400,43.5,
11,8,9,rl_v1,rl_v5,rl_v5,0,10550,400,33.6,
11,9,10,rl_v1,rl_v5,rl_v5,0,572,400,21.0,
12,0,1,rl_v1,rl_v7,rl_v7,387,2434,400,6.1,
12,1,2,rl_v1,rl_v7,rl_v7,81,2603,400,6.0,
12,2,3,rl_v1,rl_v7,TIE,0,0,400,6.0,
12,3,4,rl_v1,rl_v7,rl_v7,0,1775,400,5.5,
12,4,5,rl_v1,rl_v7,rl_v7,0,3302,400,5.9,
12,5,6,rl_v1,rl_v7,rl_v7,11,7548,400,7.3,
12,6,7,rl_v1,rl_v7,rl_v7,0,658,400,5.9,
12,7,8,rl_v1,rl_v7,rl_v7,503,1822,400,5.8,
12,8,9,rl_v1,rl_v7,rl_v7,0,2856,400,6.1,
12,9,10,rl_v1,rl_v7,rl_v7,0,1261,400,6.1,
13,0,1,rl_v1,rl_v8,rl_v8,0,8261,400,8.3,
13,1,2,rl_v1,rl_v8,rl_v8,0,5829,400,6.8,
13,2,3,rl_v1,rl_v8,TIE,0,0,400,6.0,
13,3,4,rl_v1,rl_v8,rl_v8,0,7702,400,6.3,
13,4,5,rl_v1,rl_v8,rl_v8,0,10981,400,6.7,
13,5,6,rl_v1,rl_v8,rl_v8,11,5805,400,6.4,
13,6,7,rl_v1,rl_v8,rl_v8,0,7074,400,8.0,
13,7,8,rl_v1,rl_v8,rl_v8,503,12688,400,7.5,
13,8,9,rl_v1,rl_v8,rl_v8,0,8320,400,8.0,
13,9,10,rl_v1,rl_v8,rl_v8,0,3557,400,5.9,
14,0,1,rl_v1,rl_v9,rl_v9,266,31470,400,7.4,
14,1,2,rl_v1,rl_v9,rl_v9,0,14420,400,7.0,
14,2,3,rl_v1,rl_v9,rl_v9,747,26495,400,7.3,
14,3,4,rl_v1,rl_v9,rl_v9,42,11498,400,6.4,
14,4,5,rl_v1,rl_v9,rl_v9,0,26822,400,7.0,
14,5,6,rl_v1,rl_v9,rl_v9,1097,40887,400,7.2,
14,6,7,rl_v1,rl_v9,rl_v9,0,15552,400,6.6,
14,7,8,rl_v1,rl_v9,rl_v9,503,29253,400,7.3,
14,8,9,rl_v1,rl_v9,rl_v9,1743,30612,400,7.1,
14,9,10,rl_v1,rl_v9,rl_v9,60,4462,400,6.3,
15,0,1,rl_v2,rl_v3,rl_v3,437,1978,400,7.3,
15,1,2,rl_v2,rl_v3,rl_v3,183,1271,400,10.0,
15,2,3,rl_v2,rl_v3,rl_v3,427,1349,400,8.9,
15,3,4,rl_v2,rl_v3,rl_v3,517,1394,400,8.1,
15,4,5,rl_v2,rl_v3,rl_v3,437,1361,400,9.7,
15,5,6,rl_v2,rl_v3,rl_v3,478,1710,400,8.7,
15,6,7,rl_v2,rl_v3,rl_v3,341,1228,400,8.1,
15,7,8,rl_v2,rl_v3,rl_v3,1389,1974,400,11.4,
15,8,9,rl_v2,rl_v3,rl_v3,0,1756,400,9.4,
15,9,10,rl_v2,rl_v3,rl_v3,757,1200,400,8.1,
16,0,1,rl_v2,rl_v4,rl_v4,437,4272,400,6.4,
16,1,2,rl_v2,rl_v4,rl_v4,534,2532,400,18.3,
16,2,3,rl_v2,rl_v4,rl_v4,628,2590,400,18.3,
16,3,4,rl_v2,rl_v4,rl_v4,895,3735,400,7.6,
16,4,5,rl_v2,rl_v4,rl_v4,7,6206,400,14.0,
16,5,6,rl_v2,rl_v4,rl_v4,571,2500,400,15.2,
16,6,7,rl_v2,rl_v4,rl_v4,516,3441,400,22.6,
16,7,8,rl_v2,rl_v4,rl_v4,913,2252,400,19.5,
16,8,9,rl_v2,rl_v4,rl_v4,0,3989,400,14.3,
16,9,10,rl_v2,rl_v4,rl_v4,484,5564,400,19.0,
17,0,1,rl_v2,rl_v5,rl_v5,99,6069,400,31.2,
17,1,2,rl_v2,rl_v5,rl_v5,178,16866,400,36.0,
17,2,3,rl_v2,rl_v5,rl_v5,683,18193,400,33.7,
17,3,4,rl_v2,rl_v5,rl_v5,609,18224,400,36.6,
17,4,5,rl_v2,rl_v5,rl_v5,0,17676,400,37.7,
17,5,6,rl_v2,rl_v5,rl_v5,388,18921,400,36.6,
17,6,7,rl_v2,rl_v5,rl_v5,339,16990,400,36.9,
17,7,8,rl_v2,rl_v5,rl_v5,552,20855,400,41.5,
17,8,9,rl_v2,rl_v5,rl_v5,549,12504,400,30.0,
17,9,10,rl_v2,rl_v5,rl_v5,391,16642,400,34.6,
18,0,1,rl_v2,rl_v7,rl_v7,0,2678,400,6.2,
18,1,2,rl_v2,rl_v7,rl_v7,178,2362,400,6.1,
18,2,3,rl_v2,rl_v7,rl_v7,795,5252,400,7.4,
18,3,4,rl_v2,rl_v7,rl_v7,517,1775,400,5.9,
18,4,5,rl_v2,rl_v7,rl_v7,0,6630,400,6.2,
18,5,6,rl_v2,rl_v7,rl_v7,388,9959,400,7.0,
18,6,7,rl_v2,rl_v7,rl_v7,339,638,400,6.1,
18,7,8,rl_v2,rl_v7,rl_v7,552,1822,400,6.2,
18,8,9,rl_v2,rl_v7,rl_v7,0,771,400,6.4,
18,9,10,rl_v2,rl_v7,rl_v7,391,4133,400,7.2,
19,0,1,rl_v2,rl_v8,rl_v8,140,18567,400,8.6,
19,1,2,rl_v2,rl_v8,rl_v8,178,6755,400,6.2,
19,2,3,rl_v2,rl_v8,rl_v8,913,17138,400,7.9,
19,3,4,rl_v2,rl_v8,rl_v8,609,14364,400,8.4,
19,4,5,rl_v2,rl_v8,rl_v8,0,13137,400,8.2,
19,5,6,rl_v2,rl_v8,rl_v8,388,31218,400,9.0,
19,6,7,rl_v2,rl_v8,rl_v8,339,26367,400,9.1,
19,7,8,rl_v2,rl_v8,rl_v8,552,40853,400,9.0,
19,8,9,rl_v2,rl_v8,rl_v8,0,7992,400,6.1,
19,9,10,rl_v2,rl_v8,rl_v8,391,28067,400,8.5,
20,0,1,rl_v2,rl_v9,rl_v9,227,30835,400,7.6,
20,1,2,rl_v2,rl_v9,rl_v9,194,36724,400,7.4,
20,2,3,rl_v2,rl_v9,rl_v9,411,42708,400,7.5,
20,3,4,rl_v2,rl_v9,rl_v9,1441,35856,400,7.7,
20,4,5,rl_v2,rl_v9,rl_v9,0,7152,400,7.2,
20,5,6,rl_v2,rl_v9,rl_v9,441,40127,400,7.6,
20,6,7,rl_v2,rl_v9,rl_v9,0,30826,400,6.9,
20,7,8,rl_v2,rl_v9,rl_v9,1271,38407,400,7.2,
20,8,9,rl_v2,rl_v9,rl_v9,0,35788,400,7.4,
20,9,10,rl_v2,rl_v9,rl_v9,217,32103,400,7.0,
21,0,1,rl_v3,rl_v4,rl_v4,1840,6379,400,8.6,
21,1,2,rl_v3,rl_v4,rl_v4,1389,5715,400,23.0,
21,2,3,rl_v3,rl_v4,rl_v3,1979,524,400,16.4,
21,3,4,rl_v3,rl_v4,rl_v4,1559,6246,400,11.3,
21,4,5,rl_v3,rl_v4,rl_v4,1656,5850,400,20.7,
21,5,6,rl_v3,rl_v4,rl_v4,1581,4366,400,17.7,
21,6,7,rl_v3,rl_v4,rl_v4,1260,4693,400,19.5,
21,7,8,rl_v3,rl_v4,rl_v4,1956,6459,400,21.6,
21,8,9,rl_v3,rl_v4,rl_v4,1974,4242,400,21.3,
21,9,10,rl_v3,rl_v4,rl_v4,1232,1472,400,16.7,
22,0,1,rl_v3,rl_v5,rl_v5,1488,11024,400,35.5,
22,1,2,rl_v3,rl_v5,rl_v5,1870,18187,400,37.8,
22,2,3,rl_v3,rl_v5,rl_v5,1718,15431,400,36.2,
22,3,4,rl_v3,rl_v5,rl_v5,1756,16530,400,37.8,
22,4,5,rl_v3,rl_v5,rl_v5,1876,16269,400,37.2,
22,5,6,rl_v3,rl_v5,rl_v5,1309,19603,400,39.2,
22,6,7,rl_v3,rl_v5,rl_v5,1362,11605,400,38.3,
22,7,8,rl_v3,rl_v5,rl_v5,1290,7656,400,42.4,
22,8,9,rl_v3,rl_v5,rl_v5,1240,13706,400,38.2,
22,9,10,rl_v3,rl_v5,rl_v5,1658,14992,400,33.1,
23,0,1,rl_v3,rl_v7,rl_v7,3020,3621,400,6.3,
23,1,2,rl_v3,rl_v7,rl_v7,1565,2383,400,9.2,
23,2,3,rl_v3,rl_v7,rl_v7,1207,6570,400,11.3,
23,3,4,rl_v3,rl_v7,rl_v3,1899,1775,400,8.1,
23,4,5,rl_v3,rl_v7,rl_v7,1839,4366,400,10.3,
23,5,6,rl_v3,rl_v7,rl_v7,1193,6754,400,8.8,
23,6,7,rl_v3,rl_v7,rl_v3,1268,733,398,8.0,
23,7,8,rl_v3,rl_v7,rl_v7,1360,3678,400,10.1,
23,8,9,rl_v3,rl_v7,rl_v7,1612,4588,400,10.5,
23,9,10,rl_v3,rl_v7,rl_v7,1620,1885,400,9.1,
24,0,1,rl_v3,rl_v8,rl_v8,1920,12342,400,8.7,
24,1,2,rl_v3,rl_v8,rl_v8,1849,11941,400,8.7,
24,2,3,rl_v3,rl_v8,rl_v8,1612,20665,400,9.4,
24,3,4,rl_v3,rl_v8,rl_v8,1231,28374,400,9.3,
24,4,5,rl_v3,rl_v8,rl_v8,1878,30396,400,10.2,
24,5,6,rl_v3,rl_v8,rl_v8,1117,37886,400,10.7,
24,6,7,rl_v3,rl_v8,rl_v8,1615,35146,400,10.6,
24,7,8,rl_v3,rl_v8,rl_v8,2575,15802,400,10.8,
24,8,9,rl_v3,rl_v8,rl_v8,2883,11105,400,8.8,
24,9,10,rl_v3,rl_v8,rl_v8,2946,24674,400,8.6,
25,0,1,rl_v3,rl_v9,rl_v9,1667,29181,400,7.7,
25,1,2,rl_v3,rl_v9,rl_v9,1764,33230,400,8.6,
25,2,3,rl_v3,rl_v9,rl_v9,1189,7476,400,8.5,
25,3,4,rl_v3,rl_v9,rl_v9,1934,23999,400,7.6,
25,4,5,rl_v3,rl_v9,rl_v9,1527,24189,400,9.9,
25,5,6,rl_v3,rl_v9,rl_v9,1963,42093,400,8.8,
25,6,7,rl_v3,rl_v9,rl_v9,1553,36114,400,9.4,
25,7,8,rl_v3,rl_v9,rl_v9,1662,30304,400,11.0,
25,8,9,rl_v3,rl_v9,rl_v9,1857,31506,400,9.1,
25,9,10,rl_v3,rl_v9,rl_v9,1680,41075,400,8.8,
26,0,1,rl_v4,rl_v5,rl_v5,1979,8072,400,29.3,
26,1,2,rl_v4,rl_v5,rl_v5,3112,18972,400,39.5,
26,2,3,rl_v4,rl_v5,rl_v5,2827,14560,400,38.1,
26,3,4,rl_v4,rl_v5,rl_v5,1955,14631,400,35.5,
26,4,5,rl_v4,rl_v5,rl_v5,4815,15130,400,40.2,
26,5,6,rl_v4,rl_v5,rl_v5,328,12348,400,42.4,
26,6,7,rl_v4,rl_v5,rl_v5,1580,15777,400,39.7,
26,7,8,rl_v4,rl_v5,rl_v5,6900,18292,400,44.3,
26,8,9,rl_v4,rl_v5,rl_v5,4411,11194,400,34.8,
26,9,10,rl_v4,rl_v5,rl_v5,2931,15726,400,38.4,
27,0,1,rl_v4,rl_v7,rl_v4,4736,2226,400,8.7,
27,1,2,rl_v4,rl_v7,rl_v4,4741,2382,400,21.2,
27,2,3,rl_v4,rl_v7,rl_v4,4375,4279,400,23.1,
27,3,4,rl_v4,rl_v7,rl_v4,3441,1799,400,8.7,
27,4,5,rl_v4,rl_v7,rl_v7,1585,5620,400,21.7,
27,5,6,rl_v4,rl_v7,rl_v7,5819,6965,400,19.8,
27,6,7,rl_v4,rl_v7,rl_v4,1412,638,400,13.0,
27,7,8,rl_v4,rl_v7,rl_v4,3381,1788,400,14.8,
27,8,9,rl_v4,rl_v7,rl_v4,2645,796,400,18.8,
27,9,10,rl_v4,rl_v7,rl_v7,1460,4587,400,20.2,
28,0,1,rl_v4,rl_v8,rl_v8,4329,12447,400,7.2,
28,1,2,rl_v4,rl_v8,rl_v8,2519,8015,400,17.3,
28,2,3,rl_v4,rl_v8,rl_v8,3369,27762,400,22.1,
28,3,4,rl_v4,rl_v8,rl_v8,5213,34394,400,13.5,
28,4,5,rl_v4,rl_v8,rl_v8,3174,27255,400,20.4,
28,5,6,rl_v4,rl_v8,rl_v8,2528,10019,400,17.8,
28,6,7,rl_v4,rl_v8,rl_v8,411,32354,400,15.6,
28,7,8,rl_v4,rl_v8,rl_v8,5622,15366,400,18.0,
28,8,9,rl_v4,rl_v8,rl_v8,2879,28947,400,23.8,
28,9,10,rl_v4,rl_v8,rl_v8,629,26904,400,18.7,
29,0,1,rl_v4,rl_v9,rl_v9,5088,26822,400,13.7,
29,1,2,rl_v4,rl_v9,rl_v9,2793,27815,400,25.4,
29,2,3,rl_v4,rl_v9,rl_v9,3919,31466,400,16.1,
29,3,4,rl_v4,rl_v9,rl_v9,1846,36040,400,12.2,
29,4,5,rl_v4,rl_v9,rl_v9,215,4951,400,22.8,
29,5,6,rl_v4,rl_v9,rl_v9,507,39843,400,18.9,
29,6,7,rl_v4,rl_v9,rl_v9,2421,26772,400,17.6,
29,7,8,rl_v4,rl_v9,rl_v9,4686,47639,400,35.7,
29,8,9,rl_v4,rl_v9,rl_v9,1953,31525,400,21.9,
29,9,10,rl_v4,rl_v9,rl_v9,5736,31509,400,15.6,
30,0,1,rl_v5,rl_v7,rl_v5,5082,3183,400,22.7,
30,1,2,rl_v5,rl_v7,rl_v5,12095,6264,400,35.5,
30,2,3,rl_v5,rl_v7,rl_v7,13770,14719,400,42.7,
30,3,4,rl_v5,rl_v7,rl_v5,15589,4706,400,43.1,
30,4,5,rl_v5,rl_v7,rl_v5,12354,4343,400,43.5,
30,5,6,rl_v5,rl_v7,rl_v5,18516,6809,400,46.1,
30,6,7,rl_v5,rl_v7,rl_v5,16318,5591,400,43.0,
30,7,8,rl_v5,rl_v7,rl_v5,19579,6627,400,49.7,
30,8,9,rl_v5,rl_v7,rl_v5,13649,7292,400,42.3,
30,9,10,rl_v5,rl_v7,rl_v5,7129,2762,400,32.2,
31,0,1,rl_v5,rl_v8,rl_v5,10823,7969,400,38.2,
31,1,2,rl_v5,rl_v8,rl_v8,6980,8900,400,33.7,
31,2,3,rl_v5,rl_v8,rl_v8,8515,21782,400,40.9,
31,3,4,rl_v5,rl_v8,rl_v5,20405,14722,400,41.5,
31,4,5,rl_v5,rl_v8,rl_v8,2428,16150,400,43.1,
31,5,6,rl_v5,rl_v8,rl_v8,7850,28909,400,40.7,
31,6,7,rl_v5,rl_v8,rl_v8,8510,19524,400,39.9,
31,7,8,rl_v5,rl_v8,rl_v5,22900,12654,400,45.2,
31,8,9,rl_v5,rl_v8,rl_v8,4833,25473,400,27.6,
31,9,10,rl_v5,rl_v8,rl_v8,5757,26600,400,41.3,
32,0,1,rl_v5,rl_v9,rl_v9,10728,32559,400,41.7,
32,1,2,rl_v5,rl_v9,rl_v9,13658,43983,400,38.5,
32,2,3,rl_v5,rl_v9,rl_v9,13086,43429,400,44.9,
32,3,4,rl_v5,rl_v9,rl_v5,17173,8343,400,38.6,
32,4,5,rl_v5,rl_v9,rl_v9,6778,37668,400,44.7,
32,5,6,rl_v5,rl_v9,rl_v9,14770,50365,400,44.2,
32,6,7,rl_v5,rl_v9,rl_v5,16262,10262,400,39.1,
32,7,8,rl_v5,rl_v9,rl_v5,18144,9122,400,54.2,
32,8,9,rl_v5,rl_v9,rl_v9,8162,36070,400,34.4,
32,9,10,rl_v5,rl_v9,rl_v9,2744,33217,400,42.6,
33,0,1,rl_v7,rl_v8,rl_v8,2259,11415,400,7.0,
33,1,2,rl_v7,rl_v8,rl_v8,5734,14269,400,8.7,
33,2,3,rl_v7,rl_v8,rl_v8,6594,8580,400,7.2,
33,3,4,rl_v7,rl_v8,rl_v8,3008,15844,400,8.4,
33,4,5,rl_v7,rl_v8,rl_v8,7185,25245,400,8.5,
33,5,6,rl_v7,rl_v8,rl_v8,4918,17751,400,10.2,
33,6,7,rl_v7,rl_v8,rl_v8,4853,20911,400,10.7,
33,7,8,rl_v7,rl_v8,rl_v8,5877,28530,400,11.1,
33,8,9,rl_v7,rl_v8,rl_v8,9056,11412,400,9.9,
33,9,10,rl_v7,rl_v8,rl_v8,3073,23869,400,9.1,
34,0,1,rl_v7,rl_v9,rl_v9,2189,5607,400,6.7,
34,1,2,rl_v7,rl_v9,rl_v9,6851,37387,400,8.1,
34,2,3,rl_v7,rl_v9,rl_v9,5659,33905,400,8.7,
34,3,4,rl_v7,rl_v9,rl_v9,7740,44792,400,8.4,
34,4,5,rl_v7,rl_v9,rl_v9,4072,24153,400,9.3,
34,5,6,rl_v7,rl_v9,rl_v9,8268,42262,400,8.5,
34,6,7,rl_v7,rl_v9,rl_v9,4879,22585,400,8.8,
34,7,8,rl_v7,rl_v9,rl_v9,7047,35974,400,8.2,
34,8,9,rl_v7,rl_v9,rl_v9,4599,28429,400,8.5,
34,9,10,rl_v7,rl_v9,rl_v9,5965,42940,400,8.3,
35,0,1,rl_v8,rl_v9,rl_v8,15795,11793,400,9.9,
35,1,2,rl_v8,rl_v9,rl_v8,12445,10720,400,9.5,
35,2,3,rl_v8,rl_v9,rl_v9,24524,51514,400,10.6,
35,3,4,rl_v8,rl_v9,rl_v9,14683,54567,400,9.3,
35,4,5,rl_v8,rl_v9,rl_v9,10650,19309,400,8.4,
35,5,6,rl_v8,rl_v9,rl_v9,10339,42045,400,7.7,
35,6,7,rl_v8,rl_v9,rl_v9,28451,40398,400,10.6,
35,7,8,rl_v8,rl_v9,rl_v8,36053,15529,400,11.0,
35,8,9,rl_v8,rl_v9,rl_v9,10013,38137,400,9.1,
35,9,10,rl_v8,rl_v9,rl_v9,2559,9132,400,7.2,
